Gamma,Objective_Value
1,
2,
3,
4,-1.6166686217250001
5,-1.6648105733000067
6,-1.6734187341666809
7,-1.6795674205000182
8,-1.6841789352500176
9,-1.6877656689444653
10,-1.6906350559000236
11,-1.6929827361363883
12,-1.6949391363333584
13,-1.6965945518846428
14,-1.698013479500026
