Gamma,Objective_Value
1,
2,
3,
4,-1.6166686217250001
5,-1.6648105733000806
6,-1.6734187341667486
7,-1.6795674205000817
8,-1.6841789352500829
9,-1.687765668944527
10,-1.6906350559000822
11,-1.6929827361364473
12,-1.6949391363334165
13,-1.696594551884697
14,-1.6980134795000814
