Gamma,Objective_Value
4,0.37879091677505417
5,0.33064896520000026
6,0.32204080433333326
7,0.315892118
8,0.3112806032499999
9,0.30769386955555517
10,0.3048244825999999
11,0.30247680236363644
12,0.3005204021666669
13,0.2988649866153846
14,0.2974460590000001
